{"cameraMode":{"drawMode":0,"name":"Shaded","section":"Shading Mode"},"sceneLighting":true,"audioPlay":false,"sceneViewState":{"m_AlwaysRefresh":false,"showFog":true,"showSkybox":true,"showFlares":true,"showImageEffects":true,"showParticleSystems":true,"showVisualEffectGraphs":true,"m_FxEnabled":true},"in2DMode":false,"pivot":{"x":-1.3296202421188355,"y":-2.305231809616089,"z":0.0047917477786540989},"rotation":{"x":-0.35431909561157229,"y":0.6111936569213867,"z":-0.3530455231666565,"w":-0.6134008765220642},"size":7.168779373168945,"orthographic":false}