{"cameraMode":{"drawMode":0,"name":"Shaded","section":"Shading Mode"},"sceneLighting":true,"audioPlay":false,"sceneViewState":{"m_AlwaysRefresh":false,"showFog":true,"showSkybox":true,"showFlares":true,"showImageEffects":true,"showParticleSystems":true,"showVisualEffectGraphs":true,"m_FxEnabled":true},"in2DMode":false,"pivot":{"x":1.2224481105804444,"y":2.0246849060058595,"z":0.009466627612709999},"rotation":{"x":-0.41734594106674197,"y":0.5715158581733704,"z":-0.4196050465106964,"w":-0.5684397220611572},"size":4.474599838256836,"orthographic":false}